frame_nmr,car_id,car_bbox,license_plate_bbox,license_plate_bbox_score,license_number,license_number_score
0,1.0,[2171.88232421875 1154.3953857421875 2826.26025390625 1738.1531982421875],[2418.13232421875 1572.323486328125 2579.31201171875 1624.0848388671875],0.7182891964912415,NV51GSU,0.15151044158756824
0,2.0,[751.021728515625 1370.988525390625 1453.247314453125 1985.9527587890625],[983.31005859375 1784.508544921875 1201.7537841796875 1840.3623046875],0.6849566698074341,NA13NFU,0.2111410676296346
1,2.0,[749.4171987526059 1377.4142114440187 1446.4651697550385 1993.1833013867758],[986.6129760742188 1788.567626953125 1180.0157470703125 1843.474365234375],0.6890140771865845,NA13MPU,0.43363748018152515
1,1.0,[2175.075220469161 1157.9712541510557 2831.266001582931 1741.771923664472],[2417.55419921875 1576.68798828125 2581.02490234375 1626.2418212890625],0.6782614588737488,NW51TSU,0.20502234844934125
2,2.0,[742.6669005947203 1384.397859068728 1434.3045876275003 1999.5443856696643],[975.2100219726562 1794.2322998046875 1194.9984130859375 1853.613037109375],0.6979947686195374,NA13NPU,0.3703078435085518
2,1.0,[2173.098560674306 1166.896784729946 2806.0990014826384 1742.5909827529717],[2417.420654296875 1579.7259521484375 2580.70068359375 1631.0126953125],0.4094961881637573,MU51VSU,0.28253828975995005
3,2.0,[734.4446394549102 1391.6381834041376 1430.344053056275 2011.9131203285328],[966.829345703125 1803.20361328125 1177.812255859375 1862.9359130859375],0.6960986256599426,MA13NRU,0.2192033512819512
3,1.0,[2173.221039677302 1175.1184405492925 2800.6629956514575 1750.659912376823],[2413.341552734375 1587.444580078125 2584.834716796875 1639.07080078125],0.5899263024330139,HU51YSU,0.49806615762069156
4,1.0,[2173.345067144951 1180.1506770946748 2796.198613112567 1755.5975878091372],[2416.877197265625 1590.258544921875 2586.0908203125 1640.4327392578125],0.6598856449127197,AV51VSU,0.141335174302093
5,1.0,[2173.7764537515604 1184.8677679148295 2795.5910599702083 1762.1416499498505],[2416.034912109375 1597.9010009765625 2592.10595703125 1648.4300537109375],0.6832736730575562,HV51VSU,0.2309800459133631
8,2.0,[715.6466604036783 1417.6123981723108 1433.9186286922964 2059.1935446551506],[954.1381225585938 1844.4298095703125 1166.66162109375 1902.9407958984375],0.6864381432533264,NA13NRU,0.26955863025944077
9,1.0,[2173.616819088193 1203.992618136469 2801.31513720672 1789.3186841724782],[2424.25341796875 1621.95556640625 2591.76220703125 1673.47119140625],0.7113990783691406,HL51VSU,0.21226479033347612
9,2.0,[711.4651583645649 1424.143557927758 1424.4379166536187 2065.898717368279],[960.2722778320312 1853.6517333984375 1156.57958984375 1912.1297607421875],0.6787461638450623,NA13NRU,0.6637213354325807
10,2.0,[710.6033338963737 1428.812192130018 1420.9853667830018 2070.6062689792234],[961.3150634765625 1865.2171630859375 1159.4326171875 1918.2503662109375],0.6278654932975769,NA13NRU,0.2854002593303259
10,1.0,[2177.8270786968505 1208.8797095248528 2803.618959488961 1792.9194205370782],[2425.658203125 1627.3359375 2591.75390625 1676.792724609375],0.5358195304870605,MD51VSU,0.0340205564421802
11,2.0,[706.9519620094532 1434.4871855063702 1419.8315651515475 2077.958691299976],[944.8731079101562 1872.0074462890625 1155.632568359375 1929.1312255859375],0.608936071395874,NA13NRU,0.4434531217697449
11,6.0,[1210.0831286834537 1040.6011578747414 1755.1645520842644 1460.4727786678052],[1404.2501220703125 1315.9403076171875 1539.77978515625 1356.2601318359375],0.42022743821144104,GI15QCJ,0.4894263168419152
12,2.0,[704.3890250073614 1441.1844683286981 1417.4904885683768 2088.538122306072],[947.40380859375 1877.7139892578125 1162.7091064453125 1938.1065673828125],0.68427574634552,MA13NRU,0.5615218253110994
13,1.0,[2181.312179381856 1215.4186470780087 2824.240665969059 1811.3880466138849],[2426.0400390625 1641.8177490234375 2601.85791015625 1695.3834228515625],0.7163071632385254,ML51VSU,0.3360201756771773
13,2.0,[702.6690529454302 1446.4056166579912 1414.0940409420457 2095.354885920978],[953.2212524414062 1884.59765625 1155.362548828125 1941.457763671875],0.6960328817367554,NA13NRU,0.22407259509526117
14,1.0,[2181.0305950240336 1217.1829640105848 2830.845866171843 1817.4872635917704],[2427.205322265625 1646.616943359375 2600.87841796875 1699.65673828125],0.7145283818244934,MV51VSV,0.288257710156771
14,2.0,[698.5521951995257 1455.2959554900344 1412.3957238143603 2106.295322449751],[936.9343872070312 1892.16552734375 1147.5169677734375 1950.3095703125],0.6831870079040527,NA13MRU,0.19407969577118464
15,2.0,[691.1485332165408 1463.8858888242742 1408.0602892779502 2115.1255402569714],[927.19921875 1901.9271240234375 1143.1549072265625 1959.6280517578125],0.7128922343254089,NA13NRU,0.505904983104494
16,2.0,[686.1920107739693 1468.4764636349287 1405.580354019231 2120.8442846443877],[909.1023559570312 1908.66845703125 1142.1483154296875 1966.1221923828125],0.6913533210754395,NA13NRU,0.5013305988937843
17,1.0,[2176.3606356709165 1231.2078048980472 2829.5218981217636 1837.6163079970413],[2431.25048828125 1665.952880859375 2604.684326171875 1717.37109375],0.7236740589141846,ML51VSU,0.38922428822491495
18,2.0,[674.9176029803294 1484.4200389509422 1400.0952918777025 2135.3543272306883],[915.0133666992188 1925.994873046875 1130.5433349609375 1985.364990234375],0.6884863376617432,NA13NRU,0.3609611059597919
18,1.0,[2178.6080278962713 1236.6312000601329 2838.8703224940605 1846.404913765955],[2431.31103515625 1674.41796875 2606.6982421875 1727.173583984375],0.5510683655738831,ND51YSU,0.4071536462693534
19,2.0,[671.1415288566844 1490.0354954990826 1396.6766408919761 2137.4781286049324],[925.0149536132812 1932.95947265625 1132.6455078125 1990.160888671875],0.6805360913276672,NA13NRU,0.3837927858658005
19,1.0,[2176.0652506616843 1240.5397099725328 2837.5722769561426 1852.3674321257831],[2432.1181640625 1678.6380615234375 2606.2900390625 1732.7047119140625],0.39591142535209656,HV51YSU,0.30226075124204194
20,1.0,[2179.064786052711 1244.2252421274757 2845.6506212105064 1860.278330227221],[2433.193603515625 1686.7093505859375 2611.413818359375 1739.6165771484375],0.6820828914642334,HV51VSU,0.3163036309135047
21,2.0,[661.2192264022299 1504.7119829631108 1393.4510539602154 2150.0812908566227],[938.0302734375 1964.68701171875 1138.4320068359375 2010.4619140625],0.2637222111225128,NA13NRU,0.3837146200966067
22,1.0,[2180.9787727050143 1252.4502652197568 2854.4599868054047 1875.5856342432114],[2435.97216796875 1695.844482421875 2612.13720703125 1751.293212890625],0.7113561630249023,XD51VSU,0.21028130750467874
22,2.0,[657.8862877824197 1508.7973383661097 1393.5617706568444 2152.740188189685],[941.7473754882812 1973.1661376953125 1128.4708251953125 2012.949462890625],0.28251466155052185,NA13NRU,0.452190845024461
22,6.0,[1172.181050710286 1071.2365242142594 1744.8254199076232 1503.0154088361717],[1385.383056640625 1354.42724609375 1530.42041015625 1400.7628173828125],0.48746398091316223,GX15OGJ,0.1666834117337088
23,1.0,[2181.617593673485 1256.794997008651 2859.516713560041 1882.604404181538],[2434.699462890625 1704.94482421875 2616.083740234375 1757.898193359375],0.7059375047683716,NU51VSU,0.3929948661711463
23,2.0,[652.6199000058818 1513.3115863468452 1391.943187151776 2153.2596896845816],[912.7035522460938 1973.06396484375 1123.4739990234375 2032.9193115234375],0.6939855813980103,NA13MRU,0.9262805188784219
24,2.0,[647.7345452370071 1518.064984056392 1389.9748843740394 2155.20131094074],[905.8751220703125 1981.9801025390625 1128.1380615234375 2041.3201904296875],0.6979228854179382,NA13MRU,0.3020944341715211
25,2.0,[643.3354114216493 1524.1712330388746 1388.9735193974857 2156.9475242946774],[921.556640625 1985.415283203125 1118.372314453125 2048.985107421875],0.6986942291259766,NA13NRU,0.49741726903984285
25,1.0,[2181.5687651619546 1267.9407749320785 2864.8581272215106 1896.8692003508459],[2441.021484375 1719.400634765625 2619.77490234375 1771.0078125],0.6972835063934326,MJ51VSU,0.1518797354388669
26,2.0,[641.0896041502708 1528.6311501276816 1390.7337304808455 2156.692658227332],[878.128662109375 1991.93408203125 1116.9879150390625 2057.96484375],0.7186856269836426,NA13NRU,0.1963393413209536
26,1.0,[2180.603883181774 1271.2355921303651 2867.1714209977663 1902.4031505068988],[2439.776611328125 1725.482421875 2616.69384765625 1780.3115234375],0.4312894344329834,NJ51TSU,0.043549141337739745
27,1.0,[2180.5940916208006 1277.2543309834218 2870.2058460125295 1911.8999940441422],[2444.659423828125 1734.3544921875 2622.517578125 1787.7996826171875],0.6974095702171326,MO51VSU,0.048959664382177526
28,1.0,[2180.8817440010052 1282.6592379748056 2869.514336791276 1919.0902424156272],[2444.926025390625 1737.2794189453125 2625.9990234375 1793.8963623046875],0.7143363356590271,CO51VSU,0.19008914791518952
28,2.0,[631.4589427716045 1544.572383066135 1382.408598186386 2158.9262445760687],[899.3349609375 2020.5311279296875 1114.1341552734375 2076.7861328125],0.6964076161384583,MA13MRU,0.3304816881304687
29,2.0,[628.372188509603 1553.8900632806985 1380.3236217866888 2160.8418035153804],[888.0507202148438 2026.6336669921875 1113.8175048828125 2087.981201171875],0.7400113940238953,NA13MRU,0.2568830872225661
29,1.0,[2181.792931689869 1291.9055847498114 2873.664165596868 1928.2139756141494],[2444.848388671875 1744.6776123046875 2630.40576171875 1801.0235595703125],0.7233670949935913,HU51VSU,0.23522276072409784
29,6.0,[1158.64182145033 1095.4824619762778 1743.5943846444225 1539.4842912272763],[1361.1234130859375 1378.7403564453125 1512.5108642578125 1428.042236328125],0.6331740021705627,GU15QCJ,0.10248382762529316
30,1.0,[2181.898957989718 1301.696599026108 2876.076323541003 1938.0918950584721],[2451.353271484375 1766.2144775390625 2632.380859375 1818.9613037109375],0.25463882088661194,HU51VSU,0.32512876891143877
31,1.0,[2184.566480459925 1306.6206541061051 2881.146160262783 1944.8899037247907],[2449.65478515625 1756.7841796875 2632.081298828125 1813.28173828125],0.730067253112793,CZ51VSU,0.11613275125773781
32,1.0,[2185.96538297847 1311.2045315502764 2885.7863060014506 1953.1044290180403],[2450.465087890625 1767.33837890625 2633.859130859375 1820.1884765625],0.7108122110366821,HU51VSU,0.12589199929754646
33,1.0,[2183.7145947752633 1316.6011119495865 2887.9920271242017 1963.142214124333],[2456.406494140625 1782.2874755859375 2627.771484375 1824.6434326171875],0.2868650257587433,MT51TSU,0.23138545772395866
34,1.0,[2182.9030560025194 1321.2685842523408 2890.011893477994 1969.9321912845892],[2451.87890625 1778.427978515625 2639.88916015625 1833.7071533203125],0.6567744612693787,NV51VSU,0.26475482656949806
35,1.0,[2182.8632765886455 1325.061210066324 2889.6647738859724 1976.1824870758144],[2456.3037109375 1785.84521484375 2644.62109375 1845.681884765625],0.7094108462333679,ND51TSU,0.07290751406200112
39,1.0,[2192.3948070350034 1348.3587278151738 2907.428111513869 2010.1557508267017],[2460.085205078125 1816.9244384765625 2651.128662109375 1874.3038330078125],0.6225404143333435,NU51VSU,0.12655012747060743
41,1.0,[2192.3354838963073 1359.8362206864208 2918.312714579028 2024.7310547301772],[2461.9755859375 1832.94140625 2655.818359375 1889.7509765625],0.7276725769042969,NU51VSU,0.19837404477664597
43,1.0,[2191.872037264494 1365.8149686206725 2926.4330919775857 2036.3247303530184],[2464.986572265625 1842.449462890625 2659.245361328125 1902.6951904296875],0.7296534180641174,MF51VSU,0.11071780488352896
44,1.0,[2194.4422974507916 1370.7116737402962 2931.6001840836343 2044.9293392903855],[2469.05908203125 1851.5928955078125 2662.743896484375 1910.2767333984375],0.7541277408599854,NU51VSU,0.26824237396062506
46,1.0,[2197.56990674568 1380.2009616862724 2944.2110837395903 2062.7844050720796],[2471.96484375 1879.4337158203125 2654.373779296875 1919.7344970703125],0.2668461203575134,AV51VSU,0.3487708457473579
47,1.0,[2196.898914819063 1384.391437825102 2947.408018738638 2071.172007298751],[2478.926513671875 1884.421630859375 2665.36279296875 1921.5953369140625],0.28956493735313416,HU61YSI,0.12922048999746769
48,1.0,[2195.952720558795 1396.5040266197716 2949.075105495977 2083.5683131751357],[2480.57666015625 1884.3892822265625 2672.079345703125 1943.7542724609375],0.7332375645637512,NV51YSU,0.18519932649360576
53,1.0,[2201.439906982138 1424.6838069153591 2971.8410309468886 2124.388600534608],[2488.82373046875 1925.724609375 2689.062744140625 1984.131591796875],0.7396767735481262,NT51TSV,0.04782982541857336
54,6.0,[1088.611043570413 1185.2901711593115 1716.3460940559905 1661.6394404082569],[1320.9862060546875 1497.306884765625 1472.8919677734375 1547.731201171875],0.6105222702026367,CX15OGJ,0.09522442467189582
56,1.0,[2202.895190459667 1444.163335478089 2981.6150565982016 2146.326535760696],[2493.50341796875 1950.432861328125 2693.91748046875 2008.84716796875],0.7370421290397644,CO51VSU,0.059941415992030934
57,6.0,[1079.215879929203 1197.1616634055265 1713.8382920587271 1677.1699631170602],[1314.34912109375 1510.764404296875 1468.2763671875 1556.010498046875],0.6419692039489746,GX15OGJ,0.21296323063258216
60,6.0,[1069.4695399582226 1210.8402327268448 1713.1550229521056 1695.184075960157],[1312.68310546875 1522.689453125 1465.830322265625 1574.784423828125],0.6046391725540161,GY15OGJ,0.3804729128978554
61,1.0,[2209.4776196021253 1475.6702980654463 2989.0920249707947 2159.351653893985],[2505.552001953125 1987.5457763671875 2709.166259765625 2050.388671875],0.7400365471839905,HV51VSU,0.11601996621152079
62,1.0,[2209.4599374501827 1481.10194242755 2989.1023439383393 2159.2828971189588],[2506.07080078125 2001.8306884765625 2711.4990234375 2060.01025390625],0.7448399662971497,MW51VSU,0.27356939204187103
63,6.0,[1063.4033136424805 1223.8264338954734 1711.9645636359842 1710.2424806148272],[1304.4620361328125 1540.7369384765625 1468.871337890625 1589.5938720703125],0.4995450973510742,GX15OGJ,0.4968342682385381
64,1.0,[2212.3783394167954 1495.5779830483332 2995.778171842728 2160.8339920831195],[2511.42041015625 2017.559326171875 2714.51904296875 2074.992919921875],0.6966050863265991,MI51VSU,0.3114754219278155
64,6.0,[1060.4611477274216 1227.5758092420986 1711.7746238718573 1713.9349134116212],[1304.6619873046875 1544.2364501953125 1470.719970703125 1593.2340087890625],0.6031153202056885,GX15OGJ,0.19084830703527378
71,6.0,[1031.6437134906487 1259.072713212184 1702.9194006766825 1756.5623928605116],[1287.3746337890625 1585.682861328125 1449.2935791015625 1635.9815673828125],0.3152223527431488,GX15OGJ,0.5653976137485829
73,1.0,[2228.6813002318268 1551.0633010472984 3032.273089108693 2158.375965082385],[2529.781005859375 2099.94287109375 2741.0576171875 2154.8056640625],0.7715759873390198,HT51VSU,0.2243664202373178
75,6.0,[1024.9282231448597 1279.259422621427 1702.9959329180951 1782.8037140680308],[1281.071533203125 1607.616943359375 1439.81689453125 1656.7269287109375],0.6571843028068542,GX15OGJ,0.4004337629841587
77,6.0,[1018.1699441702053 1286.4167522438595 1700.384303979079 1793.8650109247953],[1281.266357421875 1619.3631591796875 1443.64794921875 1671.609375],0.626569390296936,GX15OGJ,0.2951516413730999
79,6.0,[1013.9934190149058 1296.2662575457337 1700.066455539352 1805.3304844990173],[1271.6495361328125 1634.13720703125 1444.8515625 1684.537353515625],0.44301721453666687,GX15OGJ,0.19103812495552183
84,6.0,[1002.2612576870299 1322.0165661847777 1695.7193547171794 1844.2860191657055],[1255.6402587890625 1667.8828125 1424.300048828125 1720.346923828125],0.5899065732955933,GX15OGJ,0.3921806629187456
85,6.0,[1001.3158718171862 1326.7478479595097 1694.9740201088116 1850.6298259280024],[1256.1878662109375 1670.7283935546875 1421.570556640625 1721.948486328125],0.6130000948905945,GX15OGJ,0.2161802402226992
86,6.0,[998.0949686653655 1330.8771871827184 1694.2730386503083 1857.047041891714],[1256.543701171875 1680.33837890625 1429.836181640625 1731.9254150390625],0.3777768611907959,GX15OCJ,0.2730021586559988
87,6.0,[994.405563144908 1334.75113360072 1692.7205207919899 1864.0151730601583],[1253.8846435546875 1688.06689453125 1420.216064453125 1738.1319580078125],0.6388988494873047,GX15OCJ,0.21340985869625928
88,6.0,[990.8439281840841 1337.849249161402 1691.6684767985967 1870.2232765439862],[1252.4150390625 1693.81640625 1424.2266845703125 1745.0068359375],0.6534897685050964,GX15OGJ,0.6786701080276276
90,6.0,[984.2920151475435 1349.5487161984652 1690.3225441156835 1886.1164330303518],[1236.0780029296875 1704.0194091796875 1410.0677490234375 1755.6192626953125],0.6399135589599609,GX15OGJ,0.14604701395623557
92,12.0,[1185.6566571636486 1000.3032885553897 1639.4449767679685 1399.577243221598],[1338.34765625 1244.241943359375 1478.456298828125 1294.7830810546875],0.39282485842704773,KM15ZIR,0.30115684807764026
93,6.0,[974.8569312469192 1370.4075115484409 1690.02106704817 1907.5285440370074],[1235.3968505859375 1722.9957275390625 1406.45068359375 1775.4239501953125],0.35588741302490234,GX15OGJ,0.37794314645627813
95,6.0,[968.2855918679348 1382.0819778475602 1687.3272842208266 1922.0441858216036],[1231.018798828125 1736.32470703125 1409.1309814453125 1790.8736572265625],0.7203251123428345,GX15OGJ,0.6483488899088571
95,5.0,[2026.871690073953 1077.7462336683036 2555.84438264418 1508.4856150753433],[2222.39794921875 1359.2698974609375 2382.464599609375 1403.8831787109375],0.5142289996147156,AF05JEO,0.10632393301678886
97,6.0,[960.7807315735593 1390.0474178237139 1683.3700681732928 1938.2107381700396],[1227.6043701171875 1750.72607421875 1400.636474609375 1799.0538330078125],0.6678442358970642,GX15OGJ,0.23494062372339838
98,12.0,[1174.286806309258 1016.0998176543849 1633.756870566683 1422.1938519249838],[1329.7186279296875 1266.240234375 1469.0955810546875 1310.6766357421875],0.6538594961166382,KK05ZIM,0.32933096621603875
98,6.0,[957.9031866814996 1395.5679490622613 1681.3249807834015 1946.8876911192908],[1224.473876953125 1761.8028564453125 1400.9476318359375 1813.067626953125],0.6397740244865417,GX15OCJ,0.212551549611667
99,5.0,[2026.075973665672 1090.3652419785371 2568.416577618358 1526.241597546723],[2240.35107421875 1377.683349609375 2406.29736328125 1424.32421875],0.3684494197368622,AF05JEO,0.41255791671293107
100,6.0,[952.2808454341413 1406.7640105866612 1679.3063014011277 1962.5944271699605],[1223.956787109375 1770.5247802734375 1408.0345458984375 1822.4066162109375],0.41100600361824036,GX15OCJ,0.3612148669522432
100,5.0,[2024.339922446805 1091.994605269075 2569.1712608300604 1529.4493712697188],[2226.893798828125 1384.70068359375 2400.013427734375 1442.3082275390625],0.2559051215648651,AF05JEO,0.06738959059638887
101,6.0,[946.4343489847923 1414.1785026830607 1677.0551607415741 1971.5593871877063],[1218.5308837890625 1783.485107421875 1393.165283203125 1833.56884765625],0.6402750015258789,GX15QCJ,0.19528477767388241
102,6.0,[939.6621756282987 1422.6141973377673 1674.5396579209366 1981.990220395053],[1217.7366943359375 1788.4346923828125 1397.4124755859375 1841.7242431640625],0.6663296818733215,GX15OCJ,0.2992624268613629
102,5.0,[2026.0093340626993 1100.4433713667427 2577.3008906564646 1540.130674992722],[2219.998046875 1396.69775390625 2403.947998046875 1447.92333984375],0.3779105544090271,AP05JEO,0.6795572881993683
103,5.0,[2025.7211505031294 1103.6931906103464 2580.9998599361693 1543.965280868223],[2220.01123046875 1397.6617431640625 2406.703369140625 1450.278564453125],0.4813639223575592,AP05JEO,0.7874008125624062
104,6.0,[931.7812005619758 1432.886180779827 1673.186486056129 1995.2488586734376],[1206.97607421875 1802.437255859375 1383.52783203125 1857.8760986328125],0.6359626650810242,GI15OGJ,0.09895079864624343
104,5.0,[2024.638177502833 1106.2815324720334 2583.9891046804833 1546.9568064317489],[2217.584716796875 1395.272216796875 2406.244140625 1448.5225830078125],0.48551109433174133,AP05JEO,0.28451612903943024
105,6.0,[928.2231889810714 1440.1607000449455 1672.562327757124 2002.9543628990402],[1209.5802001953125 1816.435302734375 1389.916259765625 1867.203125],0.6603620648384094,GX15OGJ,0.3465508378890223
105,5.0,[2023.771567409774 1109.0220709091222 2584.8840597816366 1550.3423240279508],[2225.856201171875 1402.360107421875 2406.583740234375 1451.042724609375],0.5487117171287537,AP05JEO,0.39755140840440223
106,5.0,[2024.6526136818081 1110.993188846036 2588.6903475819863 1553.618268156466],[2220.593505859375 1404.550048828125 2408.64794921875 1455.5341796875],0.5060297846794128,AP05JEO,0.4281600056301469
107,6.0,[921.2028958472688 1452.427630612388 1670.1775167664427 2017.52963735619],[1204.135009765625 1828.2620849609375 1383.5128173828125 1879.0284423828125],0.5893905758857727,GX15OGJ,0.2249130710515558
108,5.0,[2024.7490754555208 1119.3846992997233 2594.7603607949404 1563.9564941651256],[2229.481689453125 1413.6602783203125 2401.87646484375 1459.0447998046875],0.5532206296920776,AP05JEO,0.380205067957377
109,6.0,[915.399448225284 1466.059572590932 1667.400255708392 2034.23479170138],[1191.437255859375 1841.802001953125 1369.104248046875 1892.5302734375],0.6622876524925232,GX15OGJ,0.2373523345178141
110,5.0,[2023.5265230975322 1125.6033902732531 2599.0786702065766 1571.8533982703163],[2236.7412109375 1417.0198974609375 2416.904296875 1467.28271484375],0.6521163582801819,AP05JEO,0.27904205132502824
110,12.0,[1157.4261932800325 1050.7683399327561 1631.0399438449815 1463.3276544259634],[1317.054931640625 1302.957275390625 1461.5394287109375 1349.670654296875],0.45929399132728577,KH35ZZK,0.22047285748685827
111,6.0,[908.096792681772 1480.8472743601474 1664.1984147286257 2055.122808925375],[1185.610107421875 1863.85107421875 1365.7841796875 1917.2779541015625],0.6247883439064026,GY15OGJ,0.7897942209994855
111,5.0,[2023.5137574478356 1127.4537705406658 2600.235825230368 1575.183956380514],[2235.4345703125 1422.1439208984375 2411.396728515625 1470.3760986328125],0.6135215759277344,AP05JEO,0.12882697540325128
111,12.0,[1155.524878366075 1052.5776446242958 1631.408084726384 1467.2090859174805],[1316.4224853515625 1303.5845947265625 1460.6993408203125 1354.1314697265625],0.6079722046852112,KH35ZZK,0.18629496370864035
113,12.0,[1147.977712570082 1055.47577776933 1629.4534173940674 1473.3413359519757],[1319.7816162109375 1310.9862060546875 1459.17626953125 1358.9488525390625],0.5854434370994568,KH05ZIR,0.4550172507060579
114,6.0,[898.416278583458 1499.468668649723 1661.5459150369627 2083.8801988284754],[1181.0450439453125 1886.845458984375 1363.4371337890625 1939.0858154296875],0.6905561685562134,GX15OGJ,0.5032958752986786
114,5.0,[2023.0559845429523 1136.0082154679194 2604.9631654057334 1592.064713501004],[2230.505859375 1435.7523193359375 2420.115966796875 1488.9896240234375],0.35976192355155945,AF05JEO,0.2375028738506042
115,5.0,[2023.37674745924 1138.6980916091359 2605.766788547007 1596.424946545317],[2224.8046875 1443.5064697265625 2421.024658203125 1494.8756103515625],0.5360798835754395,AF05JEQ,0.23610700802902243
116,6.0,[891.2995452673367 1511.2976694877038 1658.4118514866482 2099.694157816142],[1171.237060546875 1906.2279052734375 1355.68017578125 1956.9327392578125],0.659239649772644,GX15OGJ,0.2961179222617488
116,12.0,[1137.7177739162057 1065.9047585056087 1625.6884995999003 1483.5024838858371],[1309.301513671875 1320.152099609375 1454.5960693359375 1369.1041259765625],0.6334298849105835,KH15ZIK,0.47463005946554276
116,5.0,[2021.6860539540394 1141.959809605536 2604.4972138129524 1601.2109056757458],[2225.219482421875 1447.3177490234375 2431.97412109375 1498.1474609375],0.45569467544555664,AF05JEO,0.24295507135046684
117,5.0,[2020.8158029024717 1146.0956083797073 2605.219932676714 1606.1291524808266],[2229.962890625 1453.2486572265625 2420.14013671875 1500.65478515625],0.6416006088256836,AP05JEQ,0.46057241614760075
117,6.0,[885.6872446176606 1520.276558973821 1656.84823278612 2110.054433753934],[1172.1748046875 1914.230712890625 1362.1302490234375 1966.98046875],0.5962582230567932,GY15OGJ,0.30743922361187265
118,12.0,[1130.0641518170685 1070.8896667305632 1623.2843232959742 1488.3630297209154],[1311.0693359375 1325.333251953125 1454.7869873046875 1373.9169921875],0.624474287033081,KH05ZIK,0.16887604315552449
118,5.0,[2021.805875100937 1149.2701144906723 2606.953175628661 1610.3574365056566],[2229.845947265625 1453.7545166015625 2415.21728515625 1502.8714599609375],0.5908836722373962,AP05JEO,0.15718205719454006
118,6.0,[882.6876217329246 1524.6706778876803 1657.08635925506 2115.1049661368406],[1169.682861328125 1918.8853759765625 1354.3033447265625 1972.9857177734375],0.42053842544555664,GX15OGJ,0.4211350238291972
119,6.0,[878.622531700979 1533.1965566772938 1656.2158091725473 2125.150447304466],[1164.3782958984375 1930.5128173828125 1353.2340087890625 1980.4632568359375],0.6851171851158142,GX15OGJ,0.3472215334520053
119,5.0,[2023.3591019773573 1154.5986920219655 2609.6490802933877 1616.380768370421],[2235.08349609375 1458.6431884765625 2422.865966796875 1509.4322509765625],0.646055281162262,AP05JEQ,0.12524896610031322
120,6.0,[872.5961715112385 1542.5854332090673 1653.3287034578502 2135.7097466771593],[1162.0423583984375 1935.14501953125 1350.21435546875 1990.127197265625],0.6610950827598572,GY15OCJ,0.09909206839176483
120,12.0,[1130.9005972397538 1076.783212703115 1624.4957444270115 1496.096298340761],[1307.6353759765625 1338.568603515625 1455.17919921875 1384.42041015625],0.5599356293678284,KH05ZZF,0.06461822039851846
121,6.0,[867.454108517246 1549.2033639747758 1651.2071601378902 2142.844024712771],[1153.4931640625 1940.89892578125 1349.8638916015625 1996.6087646484375],0.6716970205307007,GY15OCJ,0.4561163877841552
121,5.0,[2024.8588642883349 1160.5996928985528 2616.184916336376 1624.385616909075],[2239.234130859375 1467.4154052734375 2431.66259765625 1514.8045654296875],0.6327052712440491,AF05JEO,0.205495797689758
121,12.0,[1128.671818003139 1079.2820021160476 1624.5323698648572 1499.7124420638181],[1300.9976806640625 1338.207275390625 1453.070556640625 1386.655517578125],0.5715600252151489,KH05ZZK,0.08048167709955212
122,6.0,[863.7870792219551 1556.4204016257345 1650.329756453947 2149.8373671306845],[1154.9415283203125 1956.8250732421875 1340.539794921875 2010.0084228515625],0.6826348304748535,GY15OCJ,0.3348455074089647
122,5.0,[2025.069870946637 1165.762663001645 2615.716969229583 1628.7543475339828],[2242.458984375 1472.366455078125 2412.030029296875 1519.3245849609375],0.5330758094787598,AP05JEQ,0.39043355821223585
122,35.0,[2233.974113042705 1577.9505075264804 2961.4725808168937 2130.328020246731],[2512.644287109375 1924.9200439453125 2699.006103515625 1996.5604248046875],0.38089266419410706,LM14VCV,0.38986290378560584
123,5.0,[2024.0877071932496 1170.8447964416348 2613.882941949623 1634.0386985351968],[2243.763427734375 1480.7259521484375 2411.355224609375 1529.9776611328125],0.45754289627075195,AF05JEO,0.19060228652599626
123,6.0,[857.9204417438807 1563.151507966305 1650.1837642110006 2154.8839367707255],[1144.8145751953125 1966.3580322265625 1339.3450927734375 2020.91064453125],0.40652626752853394,GX15OGJ,0.3972068869990723
124,6.0,[851.7645689063331 1568.118784851694 1647.4862505392482 2156.6955920275423],[1138.3795166015625 1973.6719970703125 1332.668701171875 2025.9200439453125],0.6377713680267334,GY15OGJ,0.4693116279939125
124,5.0,[2024.6466539517844 1173.7011048584354 2614.6374501864875 1638.0926282257433],[2242.3974609375 1482.0411376953125 2406.132568359375 1530.418701171875],0.5579578876495361,AF05JEQ,0.16673738850963787
125,6.0,[847.5303655734554 1572.9816530711432 1646.1113497797498 2156.795729061891],[1128.778564453125 1979.7608642578125 1328.5587158203125 2034.6427001953125],0.6691190600395203,GY15OGJ,0.7163819352471582
125,35.0,[2236.194362746228 1598.465240400536 2968.566725319449 2156.233304192254],[2495.75244140625 1956.29736328125 2704.149169921875 2038.5234375],0.5899540185928345,LM13VCV,0.49771823293152556
125,5.0,[2026.4349751958148 1176.807852910838 2618.2766537447746 1642.6437308009513],[2236.912841796875 1484.950927734375 2423.486572265625 1535.329833984375],0.27096447348594666,AF05JEO,0.20999613829365685
126,6.0,[840.1469198296027 1580.5691886254572 1643.6119866424501 2159.0840133412617],[1129.8631591796875 1991.2620849609375 1322.64794921875 2048.873291015625],0.6526073217391968,GY15OGJ,0.5968305858997369
126,35.0,[2236.212637049062 1604.6328684158716 2971.0231762836916 2159.711444953864],[2539.29833984375 1941.105224609375 2707.429443359375 2026.6297607421875],0.3374367952346802,LM13VCY,0.13892743643768354
126,5.0,[2024.6230678487161 1179.7816082527247 2616.66501209062 1646.868302891212],[2236.8984375 1492.0169677734375 2431.430419921875 1543.4952392578125],0.5245354175567627,AP05JEO,0.16785949605923053
127,35.0,[2235.7176377890723 1608.7526797276553 2972.8696579121 2159.806671864146],[2505.61083984375 1971.9990234375 2718.8046875 2065.01513671875],0.6251426339149475,LM13VCV,0.640784434913551
127,5.0,[2022.8750581837944 1181.6735605028307 2613.7050644356373 1650.4047487505554],[2237.169921875 1493.15087890625 2436.1962890625 1542.710205078125],0.5728468894958496,AP05JEO,0.1903092227194524
128,35.0,[2236.9776117306783 1613.8875038088574 2976.6655012777737 2159.6969481968845],[2513.75341796875 1979.221435546875 2714.992919921875 2066.345947265625],0.6781882047653198,LH13VCV,0.6083232365555267
128,5.0,[2023.9581526092743 1186.3927421550543 2615.2273243400914 1656.4348932162252],[2246.111083984375 1496.0592041015625 2428.517578125 1546.2125244140625],0.6288231611251831,AP05JEO,0.25755323585668205
128,6.0,[831.0651809203464 1592.8805519201428 1640.0179669966196 2162.1327817690776],[1127.484375 2010.8785400390625 1320.7412109375 2068.873779296875],0.5249150991439819,GX15OGJ,0.4077362548797022
129,6.0,[826.4986493199808 1600.8785617810531 1638.2187834223391 2161.8181463654814],[1119.3011474609375 2025.4578857421875 1312.38720703125 2079.7490234375],0.6977298259735107,GX15OGJ,0.42093391405953706
129,35.0,[2237.2804003307883 1620.1819575833529 2980.1826711788954 2159.0604906940985],[2516.72021484375 1991.7374267578125 2717.66748046875 2073.60205078125],0.674659252166748,LM13VCV,0.2839610112896435
129,5.0,[2025.3477137173732 1191.163710626613 2619.938475557189 1663.461261614676],[2242.552734375 1503.1226806640625 2427.938720703125 1552.8226318359375],0.6260765194892883,AP05JEO,0.5741451977339648
130,6.0,[822.0069259194863 1606.8687188945755 1637.0031326318929 2160.1406166497113],[1115.441162109375 2029.431884765625 1312.7178955078125 2086.1806640625],0.7080552577972412,GY15OGJ,0.1875831727721044
130,35.0,[2238.8193307088286 1625.1342127522987 2984.36021790377 2156.0748323091743],[2523.737060546875 2003.4287109375 2718.50048828125 2073.68994140625],0.6505189538002014,LM13VCV,0.5909763620915304
130,12.0,[1115.7207104935267 1099.2129983062791 1613.125019209601 1532.90994456126],[1284.844970703125 1369.21142578125 1428.594482421875 1415.3673095703125],0.6448917984962463,YH05ZZK,0.1506917422027952
130,5.0,[2028.1077081754302 1194.4074972996714 2625.076750408739 1667.2325549946368],[2241.34130859375 1502.7557373046875 2442.78955078125 1556.3865966796875],0.6435918211936951,AP05JEO,0.37970570760431493
131,35.0,[2238.202968711062 1631.6601796217992 2986.949460433201 2154.025139726712],[2521.850830078125 2016.6800537109375 2725.094970703125 2084.001953125],0.7512478828430176,LM13VCV,0.28828997093344877
131,12.0,[1111.9604405445475 1100.7349702321972 1611.143401513788 1536.8215129941404],[1277.931640625 1373.3917236328125 1430.360595703125 1420.3507080078125],0.6686431169509888,YH05ZZK,0.15827690598111022
131,5.0,[2027.8621435916589 1197.7799113681892 2625.4730446076433 1671.6891463972872],[2232.724609375 1506.6492919921875 2443.739501953125 1561.0067138671875],0.6454113125801086,AP05JEO,0.15614356055063103
132,35.0,[2237.6557655712622 1639.4679098855877 2989.794738733797 2153.793688531731],[2527.433837890625 2026.684326171875 2727.749755859375 2091.79541015625],0.7593737244606018,LM13VCV,0.11112302159491205
132,5.0,[2027.7960217426435 1202.6207515981719 2627.813243774229 1677.6139313744115],[2240.15087890625 1511.6939697265625 2451.712646484375 1564.624267578125],0.688098669052124,AP05JEO,0.36636746144631094
132,6.0,[811.7667340050712 1624.8265231938578 1633.0420816928622 2161.542434403422],[1111.935791015625 2055.67236328125 1309.3798828125 2113.265625],0.6797642707824707,GX15OGJ,0.1491583478663248
132,12.0,[1110.275149174932 1105.033909281922 1609.7905256952693 1542.500672592679],[1279.669921875 1375.0023193359375 1430.3125 1425.7720947265625],0.6441459059715271,KH05ZZK,0.28303171243072417
133,35.0,[2238.7984358940807 1646.6810115710812 2993.928530373199 2155.376337079717],[2530.658203125 2030.2977294921875 2725.761474609375 2098.1572265625],0.7488433718681335,LM13VCV,0.24764911126478517
133,12.0,[1108.392569728161 1106.7858853023408 1608.7625476357903 1545.23712697051],[1277.7508544921875 1378.4906005859375 1428.7396240234375 1429.65283203125],0.6825450658798218,XH05ZZK,0.6821093129361134
133,5.0,[2028.5800080109402 1205.3025028955255 2630.497890524285 1681.2455119324165],[2247.20166015625 1518.572021484375 2451.48291015625 1568.479248046875],0.6168650388717651,AP05JEO,0.41129835683910937
133,6.0,[806.1369540372328 1632.3720671669357 1629.414475687493 2162.12987809003],[1112.0130615234375 2057.924560546875 1306.6607666015625 2118.626953125],0.6132793426513672,GX15OGJ,0.3596011317837289
134,6.0,[798.4873696950006 1640.4276530408524 1626.474789387297 2162.15071211722],[1101.31298828125 2074.632568359375 1306.7548828125 2133.636474609375],0.7372153997421265,GX15OGJ,0.21716838586149004
134,12.0,[1106.8702920267065 1107.8098907306653 1608.829512985826 1548.156269654699],[1274.903076171875 1382.1363525390625 1427.0478515625 1432.4031982421875],0.6651015877723694,KH05ZTK,0.5176394600930782
134,5.0,[2028.7264205910894 1209.386852142775 2631.4218241691456 1687.3301694277359],[2254.84912109375 1524.314697265625 2445.232666015625 1577.6317138671875],0.6258299350738525,AP05JEO,0.5299089402246104
135,35.0,[2242.508843832835 1663.7733063512283 3001.9964830021845 2162.3854142593177],[2533.82373046875 2055.33935546875 2733.3037109375 2122.43798828125],0.6717419624328613,LN13VCV,0.4131450355051831
135,5.0,[2028.127881523804 1214.2990437236604 2632.7801543197124 1693.138188325226],[2246.491943359375 1529.4517822265625 2443.66796875 1582.2938232421875],0.5333608388900757,AP05JEO,0.28958993135396854
136,6.0,[790.9114894056211 1656.9971112902508 1623.93611462407 2161.3632305463047],[1091.4737548828125 2092.240234375 1296.9775390625 2148.2001953125],0.7038611173629761,GX15OGJ,0.25308695251229063
136,5.0,[2029.1741801945573 1217.118738429649 2637.0525361488244 1696.8109878700284],[2252.83447265625 1531.0411376953125 2441.101318359375 1583.4019775390625],0.4105736017227173,AP05JEO,0.26259279751755293
137,35.0,[2243.620244523631 1676.3659618857553 3008.4745715453723 2163.7412705504385],[2536.075927734375 2070.58154296875 2742.300048828125 2137.966552734375],0.761165976524353,LM13VCV,0.25734254321702743
137,5.0,[2029.4012884558458 1221.2875303315363 2640.3385984233973 1701.642850856289],[2253.701904296875 1540.0067138671875 2444.06201171875 1589.168701171875],0.5119445323944092,AP05JEO,0.7757293383563263
137,12.0,[1099.100441416193 1117.970645588973 1607.2244205173306 1563.6979716858093],[1263.7410888671875 1398.73388671875 1420.64892578125 1444.7567138671875],0.4553128778934479,KN05ZTK,0.06663018181800598
138,35.0,[2242.7774257930355 1684.432268620071 3011.1819078111234 2164.8420796616324],[2533.348388671875 2083.70166015625 2742.66845703125 2149.976318359375],0.7697268724441528,LH13VCV,0.3854728974321224
138,12.0,[1094.3218895608513 1121.0546522951956 1604.3030862388248 1567.8027508187154],[1258.69482421875 1403.526611328125 1416.3944091796875 1449.450927734375],0.5919517278671265,KK05ZZK,0.17674050428313506
138,5.0,[2028.670851745072 1226.5283669129485 2641.4601921836324 1708.8262553407585],[2249.6513671875 1541.81103515625 2452.893310546875 1591.814208984375],0.5604588985443115,AP05JEO,0.5725135193186991
139,35.0,[2243.1054846507927 1690.015178750796 3013.743325663189 2164.4300244791903],[2536.84375 2090.159423828125 2741.374755859375 2153.672607421875],0.7536113858222961,LM13VCV,0.2523526717524848
139,12.0,[1091.9524162555351 1125.5035238121482 1604.503813177789 1571.7176024582445],[1244.408935546875 1400.22802734375 1415.73193359375 1443.668701171875],0.2522876262664795,KK05ZTK,0.6304561687661195
139,5.0,[2030.0163651209818 1228.6339149265236 2644.933407206065 1713.3652213303153],[2248.456787109375 1543.6182861328125 2432.88623046875 1593.8009033203125],0.6237767934799194,AP05JEO,0.320739406176387
140,12.0,[1084.350560465488 1128.7383680174173 1600.784820844538 1576.1111684229948],[1257.320556640625 1409.0743408203125 1409.755859375 1456.9317626953125],0.6387258768081665,KH05ZTK,0.6763675486723674
140,5.0,[2030.7196207121492 1231.2249597304447 2646.561670828072 1718.1317923309532],[2253.886474609375 1551.15966796875 2435.557861328125 1601.3115234375],0.635659396648407,AP05JEO,0.425474639206015
141,5.0,[2030.4900041678102 1234.6308175547051 2646.955282971593 1723.9289328002105],[2247.94189453125 1554.416748046875 2437.4765625 1604.461669921875],0.6789724826812744,AP05JEO,0.3281513843479617
142,5.0,[2033.6639085672814 1236.1714033750968 2649.9796720654167 1727.9532418049002],[2247.812744140625 1556.97119140625 2442.82666015625 1607.88037109375],0.6608457565307617,AP05JEO,0.27148390722820015
143,12.0,[1073.0640013708544 1136.974472251378 1594.2127837525559 1588.8217927862627],[1249.8350830078125 1420.666259765625 1404.8067626953125 1465.0396728515625],0.6304503679275513,KH05ZTK,0.19625571373270387
143,5.0,[2036.0416523137087 1241.771239225842 2656.203071178333 1735.4921785425993],[2253.7216796875 1564.13134765625 2446.07763671875 1613.0384521484375],0.6147679686546326,AP05JEO,0.3045515087193076
144,5.0,[2037.7056669754843 1246.7502096514322 2661.8991448768534 1742.941392534191],[2272.940673828125 1572.3050537109375 2434.126220703125 1620.0238037109375],0.6080116033554077,AP05JEO,0.3959263155033902
145,12.0,[1068.939601280016 1143.1027692336663 1591.5418147516941 1597.8584990755069],[1242.157958984375 1426.0557861328125 1400.5665283203125 1477.86474609375],0.69986891746521,KH05ZZK,0.19348465414214408
145,5.0,[2037.361116454846 1250.008473360274 2664.318007333482 1748.3555627621922],[2274.77734375 1575.20947265625 2448.184814453125 1625.47998046875],0.6746472120285034,AP05JEQ,0.43991095977477784
146,12.0,[1066.2857866026088 1146.1963415653981 1590.1004907297133 1602.228729958007],[1238.1871337890625 1434.3724365234375 1401.081787109375 1485.94921875],0.6357200145721436,KH05ZTK,0.09028960870288501
146,5.0,[2033.9964509533627 1255.5272495414995 2662.842317214754 1755.6083040855922],[2264.400146484375 1579.5362548828125 2453.209716796875 1630.3033447265625],0.36531323194503784,AP05JEO,0.18377684859377785
147,12.0,[1064.5459016862242 1148.8243015122246 1588.6051352905179 1606.87635597966],[1236.6708984375 1434.2451171875 1400.4012451171875 1488.6683349609375],0.5656849145889282,KM05ZZK,0.6805392182418925
147,5.0,[2035.8455088657115 1261.004965082224 2663.710869224989 1762.5756141524942],[2268.91357421875 1587.119384765625 2467.05859375 1637.5030517578125],0.4583437740802765,AP05JEO,0.3154897053763346
148,5.0,[2035.8184671367399 1263.8811717747108 2663.516295702796 1767.2412836812632],[2268.049072265625 1591.128662109375 2456.73486328125 1639.515380859375],0.5161439776420593,AP05JEO,0.42475128532779227
148,12.0,[1062.6248483870008 1151.6653807989499 1586.6050596344053 1610.8179156953936],[1233.2125244140625 1442.6282958984375 1395.36767578125 1492.1158447265625],0.37717950344085693,KM05ZZK,0.6345252814485335
150,12.0,[1058.984947949924 1163.333560740137 1583.876590461733 1622.7239308600454],[1230.340576171875 1450.68212890625 1397.025146484375 1500.894775390625],0.698567271232605,KH05ZZK,0.22410543168385538
150,5.0,[2035.987947393147 1273.5891548371137 2665.30279023777 1779.7185133143685],[2281.366943359375 1602.4493408203125 2463.38623046875 1651.5164794921875],0.6514959931373596,AP05JEO,0.34707788199102857
151,5.0,[2037.097943340234 1275.9808909379126 2669.9252385232217 1784.1965096384088],[2262.95166015625 1602.404052734375 2464.494384765625 1654.4437255859375],0.6671860814094543,AP05JEO,0.33039754424274076
152,5.0,[2036.7519656155987 1279.8271696878658 2672.2939348352015 1790.5487893325678],[2266.80322265625 1609.0987548828125 2465.43896484375 1662.3743896484375],0.6555505990982056,AP05JEO,0.598866495322531
153,12.0,[1051.5279907916834 1178.145053575641 1581.830981133382 1637.7843437375257],[1225.7392578125 1464.074462890625 1387.7711181640625 1512.8343505859375],0.7054813504219055,KH15ZZK,0.10558590270397784
153,5.0,[2037.914076892117 1284.041351834487 2675.915943155861 1797.0419726450216],[2275.31689453125 1619.5001220703125 2457.27099609375 1671.4757080078125],0.6626951098442078,AP05JEO,0.34408294997523525
154,5.0,[2037.5502473600166 1286.7267297530007 2677.0946556615495 1801.2042347389574],[2282.924560546875 1622.5338134765625 2458.940185546875 1674.8023681640625],0.6685245037078857,AP05JEO,0.2764295425747083
155,12.0,[1045.6584230122678 1183.0157134067022 1576.2647592634896 1644.8084325282043],[1227.225341796875 1472.1256103515625 1384.79345703125 1524.207763671875],0.6524508595466614,KH05ZZK,0.14656773307027285
155,5.0,[2038.295875304137 1291.2370761144578 2681.606302828093 1806.4561324080717],[2272.54052734375 1625.291015625 2473.642333984375 1680.047607421875],0.5670871138572693,AP05JEO,0.368216573046895
156,5.0,[2044.3640266540835 1296.5959065525785 2688.0662428375663 1813.6648169227128],[2274.080078125 1633.3016357421875 2478.4404296875 1686.686767578125],0.5825526118278503,AP05JEO,0.33582616888552863
157,5.0,[2047.0669362778722 1299.5371423807314 2691.978053038502 1818.2354654819983],[2273.31884765625 1637.187744140625 2481.614501953125 1687.956298828125],0.6144545674324036,AP05JEO,0.4598219160285497
158,5.0,[2042.1469637016467 1304.2737583776502 2689.873639072544 1824.2214417601053],[2275.2080078125 1641.828125 2476.91845703125 1697.0069580078125],0.7146338820457458,AP05JEO,0.3070161686348701
158,12.0,[1041.181871733571 1189.5703874911883 1573.15623640702 1659.4400568175283],[1217.3863525390625 1490.5184326171875 1386.5877685546875 1541.0386962890625],0.42116865515708923,KH05ZZK,0.4790350583392031
159,5.0,[2039.5161894517603 1309.8711115497445 2689.056071991885 1831.2561998283772],[2288.029541015625 1649.782470703125 2479.505859375 1700.75537109375],0.7096312046051025,AP05JEO,0.28780074997736266
159,12.0,[1038.5921541964226 1193.6564134707512 1572.052229933356 1665.0284835694863],[1222.4080810546875 1494.889892578125 1377.0029296875 1533.42626953125],0.29223623871803284,KH05ZZK,0.14254845986369996
160,5.0,[2038.4034278532054 1313.7027591249546 2690.0400628069974 1836.9535478454466],[2286.55517578125 1650.1856689453125 2488.69189453125 1705.8753662109375],0.7295385599136353,AP05JEO,0.5558078058042168
160,12.0,[1033.1642750640046 1195.286159645772 1570.2200769246422 1668.7932320773643],[1215.4886474609375 1494.0933837890625 1384.1763916015625 1544.7528076171875],0.6756318211555481,KH05ZZK,0.2858686629302169
161,12.0,[1030.1260318208138 1198.6422502478576 1569.7936383654474 1673.793349849619],[1210.7572021484375 1498.524169921875 1379.7664794921875 1548.9027099609375],0.6984581351280212,KH05ZTK,0.29618958947654533
161,5.0,[2038.897699595579 1318.4893022623935 2691.0203907092264 1843.408188139945],[2286.388427734375 1657.669921875 2496.168701171875 1712.75390625],0.6855573058128357,AP05JEO,0.379770803407955
162,5.0,[2041.718823498376 1324.1469863760235 2696.253089987714 1850.4036166132482],[2289.580078125 1669.02587890625 2485.897705078125 1722.8885498046875],0.672926127910614,AP05JEO,0.3459436381035818
162,12.0,[1023.620817566627 1201.9447761731058 1567.2827182424298 1679.5068914190329],[1206.3106689453125 1503.53076171875 1377.61962890625 1553.544921875],0.6533011198043823,KH05ZTK,0.3639509244435411
163,12.0,[1017.3521359504257 1206.7404099086402 1564.950343638323 1684.2862955745322],[1209.9654541015625 1506.867919921875 1374.6702880859375 1555.6787109375],0.6278971433639526,KH05ZTK,0.5478780764636941
164,5.0,[2047.2668474754582 1332.540832714256 2708.703745062061 1863.4220593330112],[2288.177001953125 1680.9913330078125 2493.732666015625 1734.3592529296875],0.5713204145431519,AP05JEO,0.15937968982256018
165,5.0,[2047.4272856360694 1338.9391145240234 2711.40487289233 1872.5773374159066],[2281.576904296875 1687.5618896484375 2493.205078125 1738.6138916015625],0.6731287240982056,AP05JEO,0.3076744974945931
165,12.0,[1011.6422410634166 1218.5607915250714 1564.4689711042504 1695.9391436166682],[1208.3951416015625 1516.634765625 1373.3614501953125 1568.822021484375],0.6695694923400879,KH05ZZK,0.8172288416299157
166,5.0,[2048.672806747015 1341.7415587655603 2715.294956895289 1878.005724566771],[2284.53759765625 1689.40869140625 2494.2255859375 1745.48876953125],0.7042656540870667,AP05JEO,0.24934058596325562
167,5.0,[2049.094026393046 1345.787783716444 2718.2049167399646 1884.47638770044],[2289.3447265625 1698.0721435546875 2491.440673828125 1750.8984375],0.6470970511436462,AP05JEO,0.2873435744214072
168,12.0,[1011.6530844913635 1231.7771067368412 1565.520983709072 1710.330735208931],[1199.432373046875 1531.533447265625 1366.6563720703125 1583.00732421875],0.42149949073791504,AM35ZIK,0.10126325666208316
169,5.0,[2049.7685270964002 1354.9556039248687 2723.5748187772833 1897.0515319153064],[2295.16552734375 1707.0316162109375 2501.881103515625 1763.83349609375],0.6948773264884949,AO35JIL,0.03173457933031442
170,5.0,[2050.968277436758 1360.6225222463627 2728.2529354531384 1903.0629857018043],[2298.853271484375 1717.4443359375 2487.500244140625 1771.94384765625],0.6383875012397766,AP05JEO,0.3295989657997599
171,5.0,[2053.358815090555 1367.3507040976453 2732.213747260555 1910.8241299041426],[2299.182861328125 1723.12353515625 2506.6494140625 1778.111572265625],0.41214320063591003,AP35JEO,0.03722117358814924
172,5.0,[2054.5592564055196 1370.935836724745 2735.7990428994335 1916.0283017942165],[2302.747802734375 1730.1387939453125 2507.846435546875 1781.093017578125],0.49522918462753296,AP05JEO,0.3795729354923679
173,5.0,[2055.9334525047243 1376.4082875147874 2739.6641661430194 1924.0728227310874],[2297.999267578125 1735.6658935546875 2520.746337890625 1791.7496337890625],0.6952124834060669,AP05JEO,0.08849250338012303
174,5.0,[2058.589907378031 1382.3247522588358 2744.3621915920958 1932.1337298617073],[2308.642333984375 1741.4630126953125 2522.092041015625 1797.2054443359375],0.6928141713142395,AP05JED,0.09813243165251674
176,5.0,[2060.3636325467032 1393.7647457443584 2752.087175479508 1945.940456192652],[2314.030517578125 1753.869140625 2532.715576171875 1811.606689453125],0.7340874075889587,AP05JEO,0.2542577217339215
177,5.0,[2059.49045041136 1399.6618462071458 2753.1607941201037 1953.410106868095],[2327.375244140625 1764.769775390625 2511.91162109375 1818.678955078125],0.6914607882499695,AP05JEO,0.4566098224593485
178,5.0,[2060.4193492660684 1404.4594077880706 2754.647795786956 1959.9357581098216],[2329.329345703125 1769.1068115234375 2523.54638671875 1822.9566650390625],0.6050308346748352,AP05JEO,0.23099249945334777
179,12.0,[996.2026243294827 1282.733060148344 1560.5916841776088 1771.4966231226504],[1179.2911376953125 1590.270263671875 1357.3575439453125 1642.02099609375],0.6583959460258484,KH05ZZK,0.8642628978575639
179,5.0,[2062.3674429666835 1410.9735000082023 2757.30591164844 1969.0975269325763],[2317.909423828125 1781.961181640625 2519.947265625 1830.779296875],0.5257145762443542,AP05JEO,0.2206730194643874
180,5.0,[2065.971482162299 1416.4680691147241 2763.225412553136 1976.9308331573884],[2325.180419921875 1785.35888671875 2522.79150390625 1839.732421875],0.710607647895813,AP05JED,0.42793066814687414
181,12.0,[990.8142686148115 1291.2433407751578 1561.0136899690317 1782.1920943234327],[1177.3123779296875 1596.8583984375 1356.6151123046875 1650.03955078125],0.7137801051139832,KH05ZZK,0.8907026176406494
181,5.0,[2066.7803532458 1421.3538556217827 2765.9811743416267 1983.9277522595544],[2322.94189453125 1789.081787109375 2531.809814453125 1845.579345703125],0.6940985918045044,AP05JED,0.1925853232927327
182,12.0,[989.2981719099193 1297.0614714359826 1564.4167857821408 1789.6871026057552],[1175.9088134765625 1603.779541015625 1351.9501953125 1656.780517578125],0.690946638584137,KH05ZZK,0.32629094567917954
182,5.0,[2067.7935313353637 1427.1367602422838 2769.849749589028 1991.393163415436],[2326.2431640625 1798.338134765625 2529.400634765625 1851.424072265625],0.6841400861740112,AP05JED,0.22000099727689376
183,5.0,[2068.143101227914 1434.6617773452126 2772.4638129055925 1999.1145966239783],[2329.2548828125 1805.564208984375 2539.025634765625 1861.1103515625],0.7063727974891663,AP05JED,0.3259013215134592
183,12.0,[984.3660511277544 1301.3043582603573 1560.4030077872699 1795.99919280106],[1172.986572265625 1611.3284912109375 1349.9708251953125 1664.8304443359375],0.6682935953140259,KH05ZZK,0.5748912531559737
184,5.0,[2067.3780111542997 1438.791636372207 2773.631676482914 2003.8380440257906],[2328.65478515625 1810.0631103515625 2534.539306640625 1863.9063720703125],0.6998993158340454,AP05JED,0.4952169237753817
185,5.0,[2068.4924209689543 1444.4912917517072 2776.974909433319 2012.3977106122666],[2330.638427734375 1818.9254150390625 2530.53173828125 1874.2188720703125],0.479070782661438,AP05JEO,0.2335193410046095
186,5.0,[2070.069417221478 1449.693097873938 2779.9319102848995 2020.6096701399772],[2326.03125 1827.686279296875 2545.931396484375 1879.705810546875],0.6561943292617798,AP05JEO,0.37084282327508505
187,5.0,[2070.943979042887 1455.5517630518748 2781.922553113057 2027.8339052684414],[2325.36083984375 1831.09423828125 2533.062744140625 1885.6124267578125],0.7135313153266907,AP05JEO,0.40705340216650865
188,5.0,[2072.1673468411673 1461.7085055481898 2785.2404672027787 2036.132539665843],[2332.25390625 1838.86572265625 2541.20654296875 1892.9664306640625],0.7151848673820496,AP05JEO,0.20998869681406887
189,5.0,[2074.055582563075 1468.5539670264277 2790.843888325446 2044.3610323390878],[2340.77490234375 1848.7042236328125 2532.5009765625 1902.3753662109375],0.698419451713562,AP05JEO,0.74134253002203
190,12.0,[955.3292142104683 1332.211685130153 1555.1571446529588 1839.5561871070768],[1155.405029296875 1650.017333984375 1330.41064453125 1702.0050048828125],0.7087160348892212,KH05ZZK,0.5631809558327908
190,5.0,[2074.6864892709564 1472.0235900629746 2794.0000463511005 2050.015771187384],[2337.934814453125 1852.0067138671875 2540.97314453125 1907.0108642578125],0.6878681778907776,AP05JEO,0.38342100558829034
191,5.0,[2075.935070651262 1481.254641653138 2798.8875074585726 2061.4820474804283],[2357.67919921875 1871.9805908203125 2541.05859375 1908.7489013671875],0.26613837480545044,AP05JEO,0.4790993292903601
192,12.0,[944.0782877023631 1343.5457448367079 1549.2323531859574 1852.9954090775764],[1149.1268310546875 1667.3397216796875 1325.1640625 1720.2674560546875],0.7139829397201538,KH05ZZK,0.11943877840277618
192,5.0,[2077.025158002539 1489.706853235078 2803.723400254021 2072.626888657272],[2345.492919921875 1874.432373046875 2557.65380859375 1925.619140625],0.48770272731781006,AP05JEO,0.569735743470867
193,5.0,[2077.4369782156136 1493.967103968676 2807.3047283054957 2080.5103194344792],[2339.843505859375 1877.0625 2578.92138671875 1931.3291015625],0.6710196733474731,AP05JEO,0.36165300001720646
194,5.0,[2078.5801015579573 1498.9345274086895 2813.060279522105 2088.1776697316736],[2341.51025390625 1886.9989013671875 2568.99609375 1941.2354736328125],0.6800394058227539,AP05JEQ,0.42597232289427467
195,5.0,[2079.1724133558773 1506.9471046077308 2816.632613760554 2097.2412519471113],[2349.241455078125 1894.1326904296875 2567.390625 1951.6314697265625],0.7047641277313232,AP05JEO,0.30452880893893247
196,12.0,[935.6346957481478 1364.6902255886387 1543.3410006946724 1877.5375557941686],[1137.5869140625 1689.622314453125 1316.184814453125 1742.0985107421875],0.714439332485199,KH05ZZK,0.3349527269225578
196,5.0,[2079.8253257815877 1513.325910179603 2820.089289535359 2104.4062219232815],[2355.787353515625 1898.143798828125 2574.932373046875 1953.5489501953125],0.7019725441932678,AP05JEO,0.30104555421501394
197,12.0,[934.2028236970293 1371.6163091602766 1545.108489827153 1885.5465756031886],[1130.1536865234375 1696.06787109375 1314.8155517578125 1748.303466796875],0.7235530018806458,KH05ZIK,0.8198787289119444
198,12.0,[932.0393734959774 1377.9438150843685 1547.2612651840159 1893.6512646725791],[1128.2890625 1704.9532470703125 1310.54638671875 1757.7506103515625],0.6808727383613586,KH05ZIK,0.7792527079692203
198,5.0,[2081.2733176207926 1527.9840812995553 2826.96729283548 2123.963468445054],[2349.887939453125 1919.445556640625 2572.384521484375 1973.092529296875],0.5878358483314514,AP05JEO,0.2897499963586575
199,12.0,[928.310477648874 1382.262157075334 1546.9414317961837 1899.912632511896],[1125.5123291015625 1708.2645263671875 1312.8837890625 1761.6265869140625],0.7226815223693848,KH05ZIK,0.19482742561000177
199,5.0,[2080.7692994698873 1533.7673846623384 2829.0348827513117 2129.9208183280307],[2357.306640625 1924.1903076171875 2586.1669921875 1976.2021484375],0.688414990901947,AP05JEO,0.2321161541340062
200,5.0,[2083.3860519744476 1540.1510513522035 2832.8001255476056 2136.3786650574248],[2364.840087890625 1931.0987548828125 2585.57373046875 1989.9532470703125],0.741187572479248,AP05JEO,0.4374688608300969
201,5.0,[2086.889147508955 1545.1828016418456 2837.441903298527 2142.497709448511],[2367.49365234375 1939.491943359375 2583.098876953125 2001.00732421875],0.7452518343925476,AP05JEO,0.3655273992483392
201,12.0,[921.9134537979587 1393.6627275026513 1542.0960704750744 1915.0211984090101],[1116.781494140625 1721.928955078125 1307.4752197265625 1778.5506591796875],0.5354033708572388,KH05ZZK,0.3619385565514419
202,5.0,[2088.0514743417925 1550.955504118453 2840.155818477636 2147.9894802749077],[2367.15380859375 1946.5130615234375 2581.23486328125 2003.6998291015625],0.7445071339607239,AP05JEQ,0.18641928646498251
202,12.0,[916.9528535505552 1397.5062637613032 1541.913822413861 1920.4806345589295],[1114.05908203125 1728.9090576171875 1300.5498046875 1783.366455078125],0.6017393469810486,KK05ZZK,0.2818406412309053
203,5.0,[2091.9534345603684 1556.992450823906 2846.6574088625316 2153.44674232728],[2363.37939453125 1956.8375244140625 2592.99365234375 2015.6268310546875],0.7342437505722046,AP05JEO,0.23876547850074128
203,12.0,[915.9260375823033 1402.875258941042 1544.9222935725834 1927.3410593897838],[1112.4610595703125 1736.4041748046875 1302.797607421875 1788.3314208984375],0.7019131779670715,KH05ZIK,0.4658339842733146
204,12.0,[911.4345383787715 1409.49618230351 1545.100274364974 1936.5295287319232],[1103.5281982421875 1738.1793212890625 1297.5980224609375 1795.098388671875],0.730257511138916,KH05ZZK,0.7001993571552847
205,12.0,[907.806827154907 1414.5542352426687 1546.422996552637 1942.663754527016],[1104.156005859375 1746.8851318359375 1288.7559814453125 1798.8826904296875],0.682748019695282,KK05ZZK,0.7755675427705918
206,5.0,[2092.795131128508 1574.1052306056276 2859.217776682639 2159.701991790188],[2364.185302734375 1978.998779296875 2612.21728515625 2041.986328125],0.7328722476959229,AP05JEO,0.4438235367745723
207,5.0,[2095.523053847353 1580.4440003368136 2865.1624504539463 2160.1826163149494],[2382.529541015625 1992.287109375 2613.9521484375 2050.73876953125],0.7321977615356445,AP05JEO,0.3641417488667316
208,5.0,[2096.9335347926026 1584.696683570794 2868.3622731694622 2160.1099675325186],[2371.056396484375 1995.376953125 2616.8271484375 2057.07421875],0.721086859703064,AP05JEQ,0.3550739785400191
209,5.0,[2098.3365914832907 1591.187335471563 2871.5639268880946 2161.2523516124816],[2368.79345703125 2006.5469970703125 2612.704833984375 2067.0478515625],0.6795032620429993,AP05JEQ,0.29497827699968493
209,12.0,[884.5978345291367 1433.9339152860985 1539.8343921425242 1971.9169029243058],[1088.1817626953125 1775.525390625 1277.017333984375 1831.30810546875],0.5600745677947998,KH05ZZK,0.5630445250250256
210,5.0,[2099.047945459427 1595.291335040613 2874.816759266151 2159.1479663326127],[2367.193359375 2017.530029296875 2622.2958984375 2074.892578125],0.7223901152610779,AP05JEO,0.4261779922855497
211,5.0,[2099.341261616483 1601.3896580431804 2878.2710079092726 2158.107540772424],[2375.217041015625 2024.3123779296875 2620.11279296875 2080.589111328125],0.7558820247650146,AP05JEO,0.44797759243625057
211,12.0,[880.7897304393464 1444.1957602618197 1539.5089981900992 1986.900654461115],[1081.51513671875 1787.186767578125 1271.012451171875 1840.614013671875],0.7277435064315796,KH05ZZK,0.4301540135856201
212,5.0,[2101.9130545268913 1610.7615008873404 2882.6914766665964 2158.8900960637384],[2390.859375 2033.513671875 2615.6298828125 2092.45166015625],0.7545411586761475,AP05JEO,0.2548940061799361
213,5.0,[2104.8690144447437 1619.991575947965 2887.6569719693625 2160.2141896008616],[2389.39453125 2043.3746337890625 2630.37451171875 2105.89111328125],0.7572486996650696,AP05JEO,0.5206285688458858
214,5.0,[2107.332465871613 1626.735344715406 2891.9084720002193 2162.15604952657],[2390.913818359375 2050.47607421875 2629.0849609375 2112.470458984375],0.7506794333457947,AP05JEO,0.34440837279458636
215,5.0,[2108.131317667831 1635.8602608001495 2895.125481845041 2163.110543778763],[2380.727783203125 2060.23095703125 2635.7158203125 2122.021728515625],0.7098047733306885,AP05JEO,0.5492104200380766
215,12.0,[863.2781692312014 1470.1432360423105 1533.1106822446377 2019.0861233509777],[1064.7159423828125 1818.261474609375 1260.8306884765625 1873.54833984375],0.542280375957489,KR05ZZK,0.23971219381725692
216,5.0,[2111.121903519344 1645.0696323536656 2900.6019591784175 2163.6602333230753],[2388.659423828125 2071.5009765625 2632.80126953125 2129.53369140625],0.7562145590782166,AP05JEO,0.29578696497479334
216,12.0,[852.4477483114598 1475.8051472742 1531.2120744493723 2027.5867268818447],[1061.069091796875 1826.151123046875 1257.2470703125 1881.99609375],0.6685725450515747,KK05ZZK,0.2921514105463164
217,5.0,[2112.1220024664985 1652.1034105717872 2904.761268877333 2164.740713679915],[2385.27783203125 2075.871826171875 2641.939697265625 2136.9697265625],0.7465851306915283,AP05JEO,0.1021133196942267
217,12.0,[837.8214330063977 1481.274702822233 1525.429174342454 2034.5894085938403],[1058.7774658203125 1832.1405029296875 1257.0869140625 1884.1900634765625],0.7099570035934448,KK05ZZK,0.3341337772624312
218,5.0,[2115.2483525265757 1658.6696651433867 2910.548129145586 2165.266033777366],[2414.649169921875 2089.792724609375 2638.46484375 2144.665771484375],0.7090847492218018,AP05JEO,0.12989096380621468
219,12.0,[824.6260968272418 1495.6202614360666 1519.4289495998496 2050.1550031573433],[1049.3475341796875 1846.1883544921875 1243.278076171875 1902.88037109375],0.7284606099128723,KH05ZZK,0.3438400355088943
222,12.0,[813.0212544237854 1516.681377965096 1507.6423495112529 2076.897722961181],[1036.77685546875 1872.509765625 1237.74755859375 1928.4521484375],0.6532918214797974,KR05ZZK,0.11843757269468176
223,12.0,[811.5240246514134 1522.593529433972 1499.4253344330562 2085.915622163267],[1033.1905517578125 1876.70361328125 1233.3406982421875 1932.8642578125],0.7308318614959717,KH05ZZK,0.12081427884129087
234,12.0,[750.1691720013727 1589.9421980578193 1491.7660343520333 2161.6009651180607],[987.5464477539062 1966.8870849609375 1200.6822509765625 2027.18408203125],0.7016615271568298,RH05ZZK,0.2382357125617143
235,12.0,[753.0810826257112 1593.6825783535987 1490.0249529658654 2161.75647324106],[985.857421875 1970.923095703125 1199.8919677734375 2031.8994140625],0.7478404641151428,KR05ZZK,0.2500538796959596
236,12.0,[742.1647711678036 1599.7575958572468 1481.5056189008117 2161.616578956472],[983.63330078125 1981.6204833984375 1189.1124267578125 2040.1776123046875],0.7384529113769531,KM05ZZK,0.15152277062230418
239,12.0,[735.5940696977883 1617.4700177005857 1477.1538629027518 2162.2491746506466],[970.27294921875 2009.2196044921875 1182.1446533203125 2069.2099609375],0.6041470170021057,RH05ZZK,0.2535544373485062
240,12.0,[738.2042748591988 1624.4342232399283 1476.9443586826037 2162.557120217641],[964.9212036132812 2021.2767333984375 1179.006103515625 2082.275634765625],0.7544879913330078,KH05ZIK,0.6095139999081296
241,12.0,[738.5043456018229 1630.6405419451676 1475.359900013912 2162.725223871704],[961.37060546875 2025.82373046875 1174.2513427734375 2086.652099609375],0.7429749965667725,KH05ZIK,0.13980568861889137
242,12.0,[731.6158507493284 1640.1407004610646 1470.4509762666603 2164.673300002254],[959.5805053710938 2035.9527587890625 1173.7569580078125 2098.39453125],0.7418279647827148,KH40SZO,0.09729756937785697
245,12.0,[699.7507365512555 1661.3834588941731 1456.7400255452649 2163.747415551157],[945.29443359375 2062.83203125 1164.9766845703125 2125.85546875],0.7508175373077393,KH05ZRK,0.20469452185721637
249,20.0,[2312.6871701133623 1115.6199082693313 2877.8441589005324 1569.4085356059293],[2512.442138671875 1412.3533935546875 2664.350830078125 1458.380615234375],0.6042909622192383,EY61NBC,0.18902426581876342
250,20.0,[2314.120116044769 1118.2951032864178 2880.172598091365 1572.9700624643003],[2514.771240234375 1409.1943359375 2660.004638671875 1458.0],0.5122770071029663,EY61MEC,0.16067561245435455
254,20.0,[2320.1241961085366 1134.6280155026575 2892.2531757132488 1601.0570620555495],[2528.592041015625 1434.0010986328125 2657.117919921875 1478.7421875],0.4953007698059082,EY61MBI,0.218956813198726
257,20.0,[2319.7391471352225 1141.7068534244768 2893.981236347538 1616.0439633568203],[2525.83447265625 1446.8463134765625 2682.1943359375 1495.236328125],0.521031379699707,EY61MBG,0.41693609955495975
258,20.0,[2321.3824412228223 1147.3177178082587 2894.1449742971236 1623.7868305076286],[2527.79443359375 1455.1005859375 2684.643310546875 1499.4920654296875],0.6220915913581848,EY61NBG,0.3803882751971721
259,20.0,[2324.5070813212124 1150.0471245023427 2899.3646262140455 1627.1609567127002],[2527.72705078125 1457.326904296875 2684.520751953125 1502.955322265625],0.5514023303985596,EY61MBG,0.5769098611133987
260,20.0,[2328.701296021863 1155.3309652886508 2908.257511878844 1634.9084913260638],[2534.7099609375 1462.7236328125 2690.75244140625 1505.4576416015625],0.640264093875885,EY51MBG,0.14186540428057084
264,20.0,[2328.348295058853 1169.7824000283244 2918.2631179936207 1658.0020202591568],[2539.91259765625 1478.1083984375 2695.26708984375 1527.79736328125],0.6278915405273438,EY61NBG,0.40383464527429025
265,20.0,[2329.101817250774 1174.0526789866506 2922.457653347018 1662.6451306225888],[2529.13818359375 1481.85693359375 2696.044189453125 1532.1080322265625],0.5908251404762268,EY61MBG,0.5659990259261523
